{"cameraMode":{"drawMode":0,"name":"Shaded","section":"Shading Mode"},"sceneLighting":true,"audioPlay":false,"sceneViewState":{"m_AlwaysRefresh":false,"showFog":true,"showSkybox":true,"showFlares":true,"showImageEffects":true,"showParticleSystems":true,"showVisualEffectGraphs":true,"m_FxEnabled":true},"in2DMode":false,"pivot":{"x":-11.326126098632813,"y":-0.7704639434814453,"z":12.404029846191407},"rotation":{"x":0.022224826738238336,"y":-0.29100340604782107,"z":0.007347688544541597,"w":0.9566390514373779},"size":11.139549255371094,"orthographic":false}