{"cameraMode":{"drawMode":0,"name":"Shaded","section":"Shading Mode"},"sceneLighting":true,"audioPlay":false,"sceneViewState":{"m_AlwaysRefresh":false,"showFog":true,"showSkybox":true,"showFlares":true,"showImageEffects":true,"showParticleSystems":true,"showVisualEffectGraphs":true,"m_FxEnabled":true},"in2DMode":false,"pivot":{"x":-2.1430253982543947,"y":-0.3401505947113037,"z":11.999495506286621},"rotation":{"x":-0.19333407282829286,"y":-0.7225658893585205,"z":0.2235054075717926,"w":-0.6249579787254334},"size":3.4781837463378908,"orthographic":false}