{"cameraMode":{"drawMode":0,"name":"Shaded","section":"Shading Mode"},"sceneLighting":true,"audioPlay":false,"sceneViewState":{"m_AlwaysRefresh":false,"showFog":true,"showSkybox":true,"showFlares":true,"showImageEffects":true,"showParticleSystems":true,"showVisualEffectGraphs":true,"m_FxEnabled":true},"in2DMode":false,"pivot":{"x":1.9900951385498047,"y":-0.27305352687835696,"z":5.53212308883667},"rotation":{"x":0.0057295626029372219,"y":0.7886598706245422,"z":-0.007337567862123251,"w":0.6147682070732117},"size":3.0729610919952394,"orthographic":false}