{"cameraMode":{"drawMode":0,"name":"Shaded","section":"Shading Mode"},"sceneLighting":true,"audioPlay":false,"sceneViewState":{"m_AlwaysRefresh":false,"showFog":true,"showSkybox":true,"showFlares":true,"showImageEffects":true,"showParticleSystems":true,"showVisualEffectGraphs":true,"m_FxEnabled":true},"in2DMode":false,"pivot":{"x":0.6106751561164856,"y":-0.5441097021102905,"z":1.2421278953552247},"rotation":{"x":0.0936787873506546,"y":0.05231884494423866,"z":-0.004297689069062471,"w":0.9943708181381226},"size":3.3861780166625978,"orthographic":false}