{"cameraMode":{"drawMode":0,"name":"Shaded","section":"Shading Mode"},"sceneLighting":true,"audioPlay":false,"sceneViewState":{"m_AlwaysRefresh":false,"showFog":true,"showSkybox":true,"showFlares":true,"showImageEffects":true,"showParticleSystems":true,"showVisualEffectGraphs":true,"m_FxEnabled":true},"in2DMode":false,"pivot":{"x":4.349864959716797,"y":2.7375755310058595,"z":-1.5190489292144776},"rotation":{"x":-0.03538358211517334,"y":-0.22352778911590577,"z":0.008112958632409573,"w":-0.9740245342254639},"size":6.4558329582214359,"orthographic":false}