{"cameraMode":{"drawMode":0,"name":"Shaded","section":"Shading Mode"},"sceneLighting":false,"audioPlay":false,"sceneViewState":{"m_AlwaysRefresh":false,"showFog":true,"showSkybox":false,"showFlares":true,"showImageEffects":true,"showParticleSystems":true,"showVisualEffectGraphs":true,"m_FxEnabled":true},"in2DMode":false,"pivot":{"x":1.5160380601882935,"y":0.7480038404464722,"z":1.0600379705429078},"rotation":{"x":0.23010730743408204,"y":0.6742217540740967,"z":-0.23456700146198274,"w":0.661403238773346},"size":0.49909931421279909,"orthographic":false}